{
  "generated": "2025-12-22T22:27:07.920174",
  "synthetic_events_per_type": 500,
  "results": {
    "flash_flood": {
      "v2": {
        "pod": 0.8163265306122449,
        "far": 0.012345679012345678,
        "csi": 0.8080808080808081
      },
      "v3": {
        "pod": 0.8877551020408163,
        "far": 0.011363636363636364,
        "csi": 0.8787878787878788
      }
    },
    "tornado": {
      "v2": {
        "pod": 0.9545454545454546,
        "far": 0.13402061855670103,
        "csi": 0.8316831683168316
      },
      "v3": {
        "pod": 0.9943181818181818,
        "far": 0.3269230769230769,
        "csi": 0.6704980842911877
      }
    },
    "hurricane_ri": {
      "v2": {
        "pod": 1.0,
        "far": 0.4728682170542636,
        "csi": 0.5271317829457365
      },
      "v3": {
        "pod": 1.0,
        "far": 0.4789272030651341,
        "csi": 0.5210727969348659
      }
    },
    "gic": {
      "v2": {
        "pod": 0.9761904761904762,
        "far": 0.3526315789473684,
        "csi": 0.6373056994818653
      },
      "v3": {
        "pod": 0.9761904761904762,
        "far": 0.29714285714285715,
        "csi": 0.6910112359550562
      }
    }
  },
  "averages": {
    "v2": {
      "pod": 0.9367656153370439,
      "far": 0.24296652339266966,
      "csi": 0.7010503647063104
    },
    "v3": {
      "pod": 0.9645659400123685,
      "far": 0.27858919337367616,
      "csi": 0.6903424989922471
    }
  },
  "far_reduction_percent": -14.661554803348368,
  "pod_change_percent": 2.967692688562457
}